<?xml version="1.0" encoding="UTF-8"?>
<mxGraphModel dx="1430" dy="734" grid="0" gridSize="10" guides="1" tooltips="1" connect="1" arrows="1" fold="1" page="1" pageScale="1" pageWidth="100000" pageHeight="100000" background="#ffffff" math="0" shadow="0"><root><mxCell id="0"/><mxCell id="1" parent="0"/><mxCell id="11" value="" style="html=1;whiteSpace=wrap;comic=1;strokeWidth=2;fontFamily=Comic Sans MS;fontStyle=1;" parent="1" vertex="1"><mxGeometry x="505" y="340" width="615" height="160" as="geometry"/></mxCell><mxCell id="12" value="AQUÉRIR" style="html=1;whiteSpace=wrap;comic=1;strokeWidth=2;fontFamily=Comic Sans MS;fontStyle=1;" parent="1" vertex="1"><mxGeometry x="550" y="390" width="120" height="60" as="geometry"/></mxCell><mxCell id="13" value="TRAITER" style="html=1;whiteSpace=wrap;comic=1;strokeWidth=2;fontFamily=Comic Sans MS;fontStyle=1;" parent="1" vertex="1"><mxGeometry x="750" y="390" width="120" height="60" as="geometry"/></mxCell><mxCell id="14" value="COMMUNIQUER" style="html=1;whiteSpace=wrap;comic=1;strokeWidth=2;fontFamily=Comic Sans MS;fontStyle=1;" parent="1" vertex="1"><mxGeometry x="950" y="390" width="120" height="60" as="geometry"/></mxCell><mxCell id="15" value="" style="rounded=0;comic=1;strokeWidth=2;endArrow=blockThin;html=1;fontFamily=Comic Sans MS;fontStyle=1;entryX=0;entryY=0.25;" parent="1" target="12" edge="1"><mxGeometry width="50" height="50" relative="1" as="geometry"><mxPoint x="340" y="405" as="sourcePoint"/><mxPoint x="450" y="520" as="targetPoint"/></mxGeometry></mxCell><mxCell id="17" value="" style="rounded=0;comic=1;strokeWidth=2;endArrow=blockThin;html=1;fontFamily=Comic Sans MS;fontStyle=1;entryX=0;entryY=0.5;exitX=1;exitY=0.5;" parent="1" source="12" target="13" edge="1"><mxGeometry width="50" height="50" relative="1" as="geometry"><mxPoint x="400" y="610" as="sourcePoint"/><mxPoint x="450" y="560" as="targetPoint"/></mxGeometry></mxCell><mxCell id="18" value="" style="rounded=0;comic=1;strokeWidth=2;endArrow=blockThin;html=1;fontFamily=Comic Sans MS;fontStyle=1;entryX=0;entryY=0.5;exitX=1;exitY=0.5;" parent="1" source="13" target="14" edge="1"><mxGeometry width="50" height="50" relative="1" as="geometry"><mxPoint x="400" y="610" as="sourcePoint"/><mxPoint x="450" y="560" as="targetPoint"/></mxGeometry></mxCell><UserObject label="&lt;font face=&quot;Comic Sans MS&quot; style=&quot;font-size: 14px&quot;&gt;&lt;b&gt;&lt;u&gt;Chaîne d'Information 1&lt;/u&gt;&lt;/b&gt;&lt;/font&gt;" placeholders="1" name="Variable" id="20"><mxCell style="text;html=1;strokeColor=none;fillColor=none;align=center;verticalAlign=middle;whiteSpace=wrap;overflow=hidden;" parent="1" vertex="1"><mxGeometry x="515" y="350" width="190" height="20" as="geometry"/></mxCell></UserObject><UserObject label="&lt;font face=&quot;Comic Sans MS&quot; style=&quot;font-size: 14px&quot;&gt;&lt;b&gt;Écran LCD, bluetooth&lt;/b&gt;&lt;/font&gt;" placeholders="1" name="Variable" id="21"><mxCell style="text;html=1;strokeColor=none;fillColor=none;align=center;verticalAlign=middle;whiteSpace=wrap;overflow=hidden;" parent="1" vertex="1"><mxGeometry x="950" y="460" width="150" height="20" as="geometry"/></mxCell></UserObject><UserObject label="&lt;div style=&quot;text-align: left&quot;&gt;&lt;b style=&quot;font-size: 14px ; font-family: &amp;#34;comic sans ms&amp;#34;&quot;&gt;Micro Controlleur&lt;/b&gt;&lt;/div&gt;" placeholders="1" name="Variable" id="22"><mxCell style="text;html=1;strokeColor=none;fillColor=none;align=center;verticalAlign=middle;whiteSpace=wrap;overflow=hidden;" parent="1" vertex="1"><mxGeometry x="750" y="460" width="125" height="20" as="geometry"/></mxCell></UserObject><UserObject label="&lt;font face=&quot;Comic Sans MS&quot; style=&quot;font-size: 14px&quot;&gt;&lt;b&gt;Écran tactile&lt;/b&gt;&lt;/font&gt;" placeholders="1" name="Variable" id="23"><mxCell style="text;html=1;strokeColor=none;fillColor=none;align=center;verticalAlign=middle;whiteSpace=wrap;overflow=hidden;" parent="1" vertex="1"><mxGeometry x="550" y="460" width="100" height="20" as="geometry"/></mxCell></UserObject><mxCell id="24" value="Player 2" style="shape=umlActor;verticalLabelPosition=bottom;labelBackgroundColor=#ffffff;verticalAlign=top;html=1;fontStyle=1;shadow=0;strokeWidth=2;" parent="1" vertex="1"><mxGeometry x="250" y="320" width="30" height="60" as="geometry"/></mxCell><mxCell id="26" value="" style="rounded=0;comic=1;strokeWidth=2;endArrow=blockThin;html=1;fontFamily=Comic Sans MS;fontStyle=1;exitX=1;exitY=0.25;" parent="1" source="14" edge="1"><mxGeometry width="50" height="50" relative="1" as="geometry"><mxPoint x="240" y="570" as="sourcePoint"/><mxPoint x="1170" y="405" as="targetPoint"/></mxGeometry></mxCell><mxCell id="42" value="ALIMENTER" style="html=1;whiteSpace=wrap;comic=1;strokeWidth=2;fontFamily=Comic Sans MS;fontStyle=1;" parent="1" vertex="1"><mxGeometry x="335" y="530" width="120" height="60" as="geometry"/></mxCell><UserObject label="&lt;font face=&quot;Comic Sans MS&quot; style=&quot;font-size: 14px&quot;&gt;&lt;b&gt;Réseau EDF&lt;/b&gt;&lt;/font&gt;" placeholders="1" name="Variable" id="43"><mxCell style="text;html=1;strokeColor=none;fillColor=none;align=center;verticalAlign=middle;whiteSpace=wrap;overflow=hidden;" parent="1" vertex="1"><mxGeometry x="335" y="600" width="95" height="20" as="geometry"/></mxCell></UserObject><mxCell id="46" value="Player 2" style="shape=umlActor;verticalLabelPosition=bottom;labelBackgroundColor=#ffffff;verticalAlign=top;html=1;fontStyle=1;shadow=0;strokeWidth=2;" parent="1" vertex="1"><mxGeometry x="1200" y="330" width="30" height="60" as="geometry"/></mxCell><mxCell id="47" style="edgeStyle=orthogonalEdgeStyle;rounded=0;html=1;exitX=0.5;exitY=0.5;exitPerimeter=0;entryX=0.5;entryY=0.5;entryPerimeter=0;jettySize=auto;orthogonalLoop=1;" parent="1" edge="1"><mxGeometry relative="1" as="geometry"><mxPoint x="275" y="430" as="sourcePoint"/><mxPoint x="275" y="430" as="targetPoint"/></mxGeometry></mxCell><mxCell id="66" value="" style="comic=1;strokeWidth=2;endArrow=blockThin;html=1;fontFamily=Comic Sans MS;fontStyle=1;exitX=1;exitY=0.25;entryX=0.25;entryY=1;rounded=1;fillColor=#d5e8d4;strokeColor=#82b366;gradientColor=#97d077;" parent="1" source="42" target="11" edge="1"><mxGeometry width="50" height="50" relative="1" as="geometry"><mxPoint x="240" y="880" as="sourcePoint"/><mxPoint x="290" y="830" as="targetPoint"/><Array as="points"><mxPoint x="659" y="545"/></Array></mxGeometry></mxCell><mxCell id="67" value="" style="rounded=1;comic=1;strokeWidth=2;endArrow=blockThin;html=1;fontFamily=Comic Sans MS;fontStyle=1;entryX=0.25;entryY=0;exitX=1;exitY=0.75;fillColor=#d5e8d4;strokeColor=#82b366;gradientColor=#97d077;" parent="1" source="42" edge="1"><mxGeometry width="50" height="50" relative="1" as="geometry"><mxPoint x="240" y="880" as="sourcePoint"/><mxPoint x="659" y="650" as="targetPoint"/><Array as="points"><mxPoint x="659" y="575"/></Array></mxGeometry></mxCell><mxCell id="68" value="" style="html=1;whiteSpace=wrap;comic=1;strokeWidth=2;fontFamily=Comic Sans MS;fontStyle=1;" parent="1" vertex="1"><mxGeometry x="505" y="650" width="615" height="160" as="geometry"/></mxCell><mxCell id="69" value="AQUÉRIR" style="html=1;whiteSpace=wrap;comic=1;strokeWidth=2;fontFamily=Comic Sans MS;fontStyle=1;" parent="1" vertex="1"><mxGeometry x="550" y="700" width="120" height="60" as="geometry"/></mxCell><mxCell id="70" value="TRAITER" style="html=1;whiteSpace=wrap;comic=1;strokeWidth=2;fontFamily=Comic Sans MS;fontStyle=1;" parent="1" vertex="1"><mxGeometry x="750" y="700" width="120" height="60" as="geometry"/></mxCell><mxCell id="71" value="COMMUNIQUER" style="html=1;whiteSpace=wrap;comic=1;strokeWidth=2;fontFamily=Comic Sans MS;fontStyle=1;" parent="1" vertex="1"><mxGeometry x="950" y="700" width="120" height="60" as="geometry"/></mxCell><mxCell id="72" value="" style="rounded=0;comic=1;strokeWidth=2;endArrow=blockThin;html=1;fontFamily=Comic Sans MS;fontStyle=1;entryX=0;entryY=0.25;" parent="1" target="69" edge="1"><mxGeometry x="340" y="715" width="50" height="50" as="geometry"><mxPoint x="340" y="715" as="sourcePoint"/><mxPoint x="450" y="830" as="targetPoint"/></mxGeometry></mxCell><mxCell id="73" value="" style="rounded=0;comic=1;strokeWidth=2;endArrow=blockThin;html=1;fontFamily=Comic Sans MS;fontStyle=1;entryX=0;entryY=0.5;exitX=1;exitY=0.5;" parent="1" source="69" target="70" edge="1"><mxGeometry x="670" y="730" width="50" height="50" as="geometry"><mxPoint x="400" y="920" as="sourcePoint"/><mxPoint x="450" y="870" as="targetPoint"/></mxGeometry></mxCell><mxCell id="74" value="" style="rounded=0;comic=1;strokeWidth=2;endArrow=blockThin;html=1;fontFamily=Comic Sans MS;fontStyle=1;entryX=0;entryY=0.5;exitX=1;exitY=0.5;" parent="1" source="70" target="71" edge="1"><mxGeometry x="870" y="730" width="50" height="50" as="geometry"><mxPoint x="400" y="920" as="sourcePoint"/><mxPoint x="450" y="870" as="targetPoint"/></mxGeometry></mxCell><UserObject label="&lt;font face=&quot;Comic Sans MS&quot; style=&quot;font-size: 14px&quot;&gt;&lt;b&gt;&lt;u&gt;Chaîne d'Information 2&lt;/u&gt;&lt;/b&gt;&lt;/font&gt;" placeholders="1" name="Variable" id="76"><mxCell style="text;html=1;strokeColor=none;fillColor=none;align=center;verticalAlign=middle;whiteSpace=wrap;overflow=hidden;" parent="1" vertex="1"><mxGeometry x="515" y="660" width="190" height="20" as="geometry"/></mxCell></UserObject><UserObject label="&lt;font face=&quot;Comic Sans MS&quot; style=&quot;font-size: 14px&quot;&gt;&lt;b&gt;Écran LCD, bluetooth&lt;/b&gt;&lt;/font&gt;" placeholders="1" name="Variable" id="77"><mxCell style="text;html=1;strokeColor=none;fillColor=none;align=center;verticalAlign=middle;whiteSpace=wrap;overflow=hidden;" parent="1" vertex="1"><mxGeometry x="950" y="770" width="150" height="20" as="geometry"/></mxCell></UserObject><UserObject label="&lt;font face=&quot;Comic Sans MS&quot; style=&quot;font-size: 14px&quot;&gt;&lt;b&gt;Écran tactile&lt;/b&gt;&lt;/font&gt;" placeholders="1" name="Variable" id="79"><mxCell style="text;html=1;strokeColor=none;fillColor=none;align=center;verticalAlign=middle;whiteSpace=wrap;overflow=hidden;" parent="1" vertex="1"><mxGeometry x="550" y="770" width="100" height="20" as="geometry"/></mxCell></UserObject><mxCell id="80" value="Player 1&lt;div&gt;&lt;br&gt;&lt;/div&gt;" style="shape=umlActor;verticalLabelPosition=bottom;labelBackgroundColor=#ffffff;verticalAlign=top;html=1;fontStyle=1;shadow=0;strokeWidth=2;" parent="1" vertex="1"><mxGeometry x="260" y="680" width="30" height="60" as="geometry"/></mxCell><mxCell id="81" value="" style="rounded=0;comic=1;strokeWidth=2;endArrow=blockThin;html=1;fontFamily=Comic Sans MS;fontStyle=1;exitX=1;exitY=0.25;" parent="1" source="71" edge="1"><mxGeometry x="1070" y="715" width="50" height="50" as="geometry"><mxPoint x="240" y="880" as="sourcePoint"/><mxPoint x="1170" y="715" as="targetPoint"/></mxGeometry></mxCell><mxCell id="82" value="Player 1&lt;div&gt;&lt;br&gt;&lt;/div&gt;" style="shape=umlActor;verticalLabelPosition=bottom;labelBackgroundColor=#ffffff;verticalAlign=top;html=1;fontStyle=1;shadow=0;strokeWidth=2;" parent="1" vertex="1"><mxGeometry x="1200" y="680" width="30" height="60" as="geometry"/></mxCell><mxCell id="83" style="edgeStyle=orthogonalEdgeStyle;rounded=0;html=1;exitX=0.5;exitY=0.5;exitPerimeter=0;entryX=0.5;entryY=0.5;entryPerimeter=0;jettySize=auto;orthogonalLoop=1;" parent="1" edge="1"><mxGeometry x="275" y="740" as="geometry"><mxPoint x="275" y="740" as="sourcePoint"/><mxPoint x="275" y="740" as="targetPoint"/></mxGeometry></mxCell><mxCell id="86" value="" style="comic=1;strokeWidth=2;endArrow=blockThin;html=1;fontFamily=Comic Sans MS;fontStyle=1;exitX=1;exitY=0.5;rounded=1;shadow=1;fillColor=#f8cecc;strokeColor=#b85450;gradientColor=#ea6b66;" parent="1" source="71" target="12" edge="1"><mxGeometry width="50" height="50" relative="1" as="geometry"><mxPoint x="1160" y="740" as="sourcePoint"/><mxPoint x="300" y="830" as="targetPoint"/><Array as="points"><mxPoint x="1160" y="730"/><mxPoint x="1160" y="880"/><mxPoint x="220" y="880"/><mxPoint x="220" y="420"/></Array></mxGeometry></mxCell><mxCell id="87" value="" style="rounded=1;comic=1;strokeWidth=2;endArrow=blockThin;html=1;fontFamily=Comic Sans MS;fontStyle=1;shadow=1;entryX=0;entryY=0.5;fillColor=#f8cecc;strokeColor=#b85450;gradientColor=#ea6b66;exitX=1;exitY=0.5;" parent="1" source="14" target="69" edge="1"><mxGeometry width="50" height="50" relative="1" as="geometry"><mxPoint x="210" y="960" as="sourcePoint"/><mxPoint x="260" y="910" as="targetPoint"/><Array as="points"><mxPoint x="1280" y="420"/><mxPoint x="1280" y="840"/><mxPoint x="440" y="840"/><mxPoint x="440" y="730"/></Array></mxGeometry></mxCell><mxCell id="88" value="" style="endArrow=none;dashed=1;html=1;shadow=0;rounded=0;strokeWidth=2;comic=1;" parent="1" edge="1"><mxGeometry width="50" height="50" relative="1" as="geometry"><mxPoint x="480" y="280" as="sourcePoint"/><mxPoint x="480" y="280" as="targetPoint"/><Array as="points"><mxPoint x="1140" y="280"/><mxPoint x="1140" y="830"/><mxPoint x="480" y="830"/></Array></mxGeometry></mxCell><UserObject label="&lt;font face=&quot;Comic Sans MS&quot;&gt;&lt;b&gt;Écran LCD Tactile&lt;br&gt;&lt;/b&gt;&lt;/font&gt;" placeholders="1" name="Variable" id="89"><mxCell style="text;html=1;strokeColor=none;fillColor=none;align=center;verticalAlign=middle;whiteSpace=wrap;overflow=hidden;" parent="1" vertex="1"><mxGeometry x="350" y="375" width="120" height="40" as="geometry"/></mxCell></UserObject><UserObject label="&lt;div style=&quot;text-align: left&quot;&gt;&lt;b style=&quot;font-size: 20px ; font-family: &amp;#34;comic sans ms&amp;#34;&quot;&gt;Système&lt;/b&gt;&lt;/div&gt;" placeholders="1" name="Variable" id="90"><mxCell style="text;html=1;strokeColor=none;fillColor=none;align=left;verticalAlign=middle;whiteSpace=wrap;overflow=hidden;" parent="1" vertex="1"><mxGeometry x="490" y="280" width="390" height="40" as="geometry"/></mxCell></UserObject><UserObject label="&lt;div style=&quot;text-align: left&quot;&gt;&lt;b style=&quot;font-size: 14px ; font-family: &amp;#34;comic sans ms&amp;#34;&quot;&gt;Micro Controlleur&lt;/b&gt;&lt;/div&gt;" placeholders="1" name="Variable" id="91"><mxCell style="text;html=1;strokeColor=none;fillColor=none;align=center;verticalAlign=middle;whiteSpace=wrap;overflow=hidden;" parent="1" vertex="1"><mxGeometry x="748" y="770" width="125" height="20" as="geometry"/></mxCell></UserObject><UserObject label="&lt;font face=&quot;Comic Sans MS&quot;&gt;&lt;b&gt;Écran LCD Tactile&lt;br&gt;&lt;/b&gt;&lt;/font&gt;" placeholders="1" name="Variable" id="92"><mxCell style="text;html=1;strokeColor=none;fillColor=none;align=center;verticalAlign=middle;whiteSpace=wrap;overflow=hidden;" vertex="1" parent="1"><mxGeometry x="360" y="681" width="120" height="40" as="geometry"/></mxCell></UserObject></root></mxGraphModel>